{
  "AWSEBDockerrunVersion": 2,
  "containerDefinitions": [
    {
      "name": "nginx",
      "image": "stephengrider/multi-nginx",
      "memory": 128,
      "portMappings": [
        {
          "hostPort": 80,
          "containerPort": 80
        }
      ],
      "links": ["frontend", "backend"],
      "essential": true
    },
    {
      "name": "frontend",
      "image": "stephengrider/multi-client",
      "hostname": "frontend",
      "memory": 128,
      "essential": false
    },
    {
      "name": "worker",
      "image": "stephengrider/multi-worker",
      "memory": 128,
      "essential": false
    },
    {
      "name": "backend",
      "image": "stephengrider/multi-server",
      "hostname": "backend",
      "memory": 128,
      "essential": false
    }
  ]
}
